observed_at,price_value
2016-03-15,1469528.26915408
2016-03-16,1468829.16334453
2016-03-17,1467679.86000000
2016-03-18,1451900.45654514
2016-03-21,1443479.70866917
2016-03-22,1449534.60329372
2016-03-23,1424692.66814967
2016-03-24,1425960.10049819
2016-03-28,1424208.88049819
2016-03-29,1442303.49550645
2016-03-30,1401622.85688623
2016-03-31,1403729.65646271
2016-04-01,1406703.25579862
2016-04-04,1400151.90000000
2016-04-05,1423433.09628558
2016-04-06,1421743.05000000
2016-04-07,1433855.96136257
2016-04-08,1432900.70000000
2016-04-11,1441560.51398711
2016-04-12,1439846.85990746
2016-04-13,1432573.25610567
2016-04-14,1413699.00000000
2016-04-15,1415290.49698342
2016-04-18,1418023.17194071
2016-04-19,1410940.65000000
2016-04-20,1415251.23685579
2016-04-21,1414942.14000000
2016-04-22,1404453.19218536
2016-04-25,1420448.43398704
2016-04-26,1429784.56579618
2016-04-27,1436230.16785917
2016-04-28,1443479.92000000
2016-04-29,1471479.93226593
2016-05-02,1473303.80943390
2016-05-03,1476844.69812774
2016-05-04,1480962.55379368
2016-05-05,1482630.42446548
2016-05-06,1515731.34361706
2016-05-09,1485358.75535145
2016-05-10,1483338.34664806
2016-05-11,1488974.94548448
2016-05-12,1485196.70809057
2016-05-13,1491697.06762829
2016-05-16,1502242.74279672
2016-05-17,1501564.10054711
2016-05-18,1513563.12597433
2016-05-19,1493676.88984640
2016-05-20,1486962.02498175
2016-05-23,1483454.26305657
2016-05-24,1462747.41005498
2016-05-25,1445846.65500000
2016-05-26,1439766.77519522
2016-05-27,1431361.56958229
2016-05-31,1444287.92605448
2016-06-01,1444136.42608769
2016-06-02,1437472.32001932
2016-06-03,1470250.13005975
2016-06-06,1450879.97554429
2016-06-07,1438364.65621479
2016-06-08,1451995.14427950
2016-06-09,1474295.67932400
2016-06-10,1482632.38242081
2016-06-13,1507615.90465221
2016-06-14,1516673.71520255
2016-06-15,1506867.65122534
2016-06-16,1526222.52625600
2016-06-17,1513944.02500000
2016-06-20,1493871.60000000
2016-06-21,1464378.30000000
2016-06-22,1458288.76000000
2016-06-23,1444553.20007109
2016-06-24,1546987.20000000
2016-06-27,1566739.30000000
2016-06-28,1537296.39107153
2016-06-29,1531792.04524310
2016-06-30,1518243.10011007
2016-07-01,1531483.86805449
2016-07-05,1569707.49224872
2016-07-06,1589562.56842789
2016-07-07,1572003.55178692
2016-07-08,1569721.83175519
2016-07-11,1555973.60000000
2016-07-12,1529065.34602272
2016-07-13,1534430.34790185
2016-07-14,1506166.31024382
2016-07-15,1502035.74500000
2016-07-18,1511440.26377345
2016-07-19,1517443.97500000
2016-07-20,1505317.93973603
2016-07-21,1514202.13500000
2016-07-22,1503041.57227024
2016-07-25,1502221.00060028
2016-07-26,1500262.31653107
2016-07-27,1505319.52430148
2016-07-28,1503100.91509001
2016-07-29,1513524.04000000
2016-08-01,1496432.27502968
2016-08-02,1510336.25102089
2016-08-03,1515129.81972744
2016-08-04,1515320.22645473
2016-08-05,1482695.73508216
2016-08-08,1478540.61706703
2016-08-09,1480251.11000000
2016-08-10,1470664.25342002
2016-08-11,1476924.52500000
2016-08-12,1477528.43401086
2016-08-15,1473445.45568077
2016-08-16,1473544.05500000
2016-08-17,1491967.90474157
2016-08-18,1500358.91377966
2016-08-19,1501998.65135287
2016-08-22,1502919.27213901
2016-08-23,1496404.50475307
2016-08-24,1486784.71140291
2016-08-25,1473654.00475063
2016-08-26,1472521.02000000
2016-08-29,1485987.13941926
2016-08-30,1461653.48958775
2016-08-31,1460055.63827061
2016-09-01,1472012.78322299
2016-09-02,1475199.15276332
2016-09-06,1491923.65498818
2016-09-07,1465421.48322958
2016-09-08,1456644.17320761
2016-09-09,1468656.49004721
2016-09-12,1473654.76000000
2016-09-13,1481698.65000000
2016-09-14,1487995.78500000
2016-09-15,1479802.23500000
2016-09-16,1469860.76696500
2016-09-19,1470739.08500000
2016-09-20,1471094.34231968
2016-09-21,1476375.31215979
2016-09-22,1476986.78689738
2016-09-23,1473594.34618934
2016-09-26,1482337.80497107
2016-09-27,1456700.06181805
2016-09-28,1447830.42278607
2016-09-29,1454900.87224891
2016-09-30,1447046.52580285
2016-10-03,1441352.99000000
2016-10-04,1404782.62217005
2016-10-05,1411014.24554234
2016-10-06,1395864.18053676
2016-10-07,1393560.11423741
2016-10-11,1408184.05000000
2016-10-12,1407387.38454070
2016-10-13,1423345.70000000
2016-10-14,1419235.97035372
2016-10-17,1429865.49982447
2016-10-18,1420190.39100309
2016-10-19,1424929.44243318
2016-10-20,1426242.58049164
2016-10-21,1440366.36577419
2016-10-24,1430237.22000000
2016-10-25,1439701.79463041
2016-10-26,1436623.13546356
2016-10-27,1449450.62890527
2016-10-28,1460957.70000000
2016-10-31,1457698.46000000
2016-11-01,1468348.44386255
2016-11-02,1494025.29182587
2016-11-03,1489979.98106788
2016-11-04,1491405.34487763
2016-11-07,1461442.09682587
2016-11-08,1446391.41772610
2016-11-09,1467091.42985942
2016-11-10,1469207.53500000
2016-11-14,1432296.57472925
2016-11-15,1427122.80000000
2016-11-16,1438498.21670177
2016-11-17,1431565.03500000
2016-11-18,1421389.36000000
2016-11-21,1423795.93926748
2016-11-22,1422246.84000000
2016-11-23,1399963.07426137
2016-11-25,1387130.14851098
2016-11-28,1398383.48332997
2016-11-29,1394321.41165173
2016-11-30,1373219.66927222
2016-12-01,1363382.65052016
2016-12-02,1377346.43238879
2016-12-05,1376151.06000000
2016-12-06,1365368.05945543
2016-12-07,1366160.75000000
2016-12-08,1358746.15271702
2016-12-09,1358248.72259656
2016-12-12,1359095.98500000
2016-12-13,1349533.40002955
2016-12-14,1354087.46993627
2016-12-15,1337717.47191873
2016-12-16,1348055.27798074
2016-12-19,1355814.99500000
2016-12-20,1352085.92500000
2016-12-21,1350103.55286374
2016-12-22,1358804.34677960
2016-12-23,1362694.43938720
2016-12-27,1373016.85695051
2016-12-28,1382456.83761714
2016-12-29,1398619.57352292
2016-12-30,1384841.50000000
2017-01-03,1400556.41346189
2017-01-04,1395954.88257061
2017-01-05,1405152.40883810
2017-01-06,1395967.30907719
2017-01-09,1425158.86500000
2017-01-10,1422200.45735615
2017-01-11,1434983.00270263
2017-01-12,1409402.89069591
2017-01-13,1403114.91531958
2017-01-17,1416658.32000000
2017-01-18,1419159.13720923
2017-01-19,1413771.56273692
2017-01-20,1416642.23343971
2017-01-23,1419302.25000000
2017-01-24,1410144.79289281
2017-01-25,1394734.82688207
2017-01-26,1387539.85500000
2017-01-27,1394841.25234242
2017-01-30,1405649.20247582
2017-01-31,1398809.43974835
2017-02-01,1394276.37176984
2017-02-02,1389410.50923858
2017-02-03,1397911.94000000
2017-02-06,1397649.00000000
2017-02-07,1415726.07998808
2017-02-08,1416470.30006202
2017-02-09,1412966.72307472
2017-02-10,1419819.25207663
2017-02-13,1409186.47609396
2017-02-14,1391341.78674953
2017-02-15,1406564.39323760
2017-02-16,1412918.00000000
2017-02-17,1423252.34792826
2017-02-21,1419536.25000000
2017-02-22,1407757.12000000
2017-02-23,1419276.99256623
2017-02-24,1419580.59456939
2017-02-27,1425275.50166898
2017-02-28,1411630.06849091
2017-03-01,1428691.67192406
2017-03-02,1411042.92595970
2017-03-03,1413589.74000000
2017-03-06,1413587.29000000
2017-03-07,1396757.42194071
2017-03-08,1392542.46500000
2017-03-09,1393004.47627947
2017-03-10,1388261.29054227
2017-03-13,1379056.63599632
2017-03-14,1382076.85706930
2017-03-15,1375314.57202614
2017-03-16,1382657.98000000
2017-03-17,1389575.67117399
2017-03-20,1376278.14876674
2017-03-21,1393538.52470181
2017-03-22,1398866.25067593
2017-03-23,1395779.88732455
2017-03-24,1398221.10330112
2017-03-27,1392652.90907875
2017-03-28,1397726.39237025
2017-03-29,1394608.07116003
2017-03-30,1390378.65000000
2017-03-31,1393645.76355922
2017-04-03,1397443.84655483
2017-04-04,1411749.50000000
2017-04-05,1402756.31749420
2017-04-06,1414226.88823210
2017-04-07,1423442.41041473
2017-04-10,1428956.34811987
2017-04-11,1454290.88013702
2017-04-12,1454186.38667938
2017-04-13,1455175.90362333
2017-04-17,1459136.64362333
2017-04-18,1476529.29718292
2017-04-19,1460526.93382227
2017-04-20,1456597.35973659
2017-04-21,1462216.07372463
2017-04-24,1439765.87110563
2017-04-25,1427330.99647065
2017-04-26,1427308.86239473
2017-04-27,1433528.58760774
2017-04-28,1440657.17922459
2017-05-01,1426092.52656219
2017-05-02,1418551.64541109
2017-05-03,1410339.01962065
2017-05-04,1393144.55500000
2017-05-05,1398035.76773652
2017-05-08,1388277.20832488
2017-05-09,1381764.16856415
2017-05-10,1381489.47941619
2017-05-11,1379829.12189486
2017-05-12,1382822.47093294
2017-05-15,1372346.17273403
2017-05-16,1378902.20000000
2017-05-17,1408047.90000000
2017-05-18,1418063.39168000
2017-05-19,1402447.70333286
2017-05-22,1408466.59244664
2017-05-23,1410332.51488248
2017-05-24,1406144.65140657
2017-05-25,1406244.89467983
2017-05-26,1417303.53270718
2017-05-30,1418764.44555999
2017-05-31,1422668.40000000
2017-06-01,1421155.89000000
2017-06-02,1434165.65484830
2017-06-05,1430999.44862026
2017-06-06,1449935.13134311
2017-06-07,1450781.92754973
2017-06-08,1433744.42285367
2017-06-09,1426199.92000000
2017-06-12,1433174.52836886
2017-06-13,1428619.90911100
2017-06-14,1432027.33493863
2017-06-15,1416451.01876497
2017-06-16,1420932.48000000
2017-06-19,1410698.78863557
2017-06-20,1414702.77000000
2017-06-21,1420099.60187891
2017-06-22,1425270.68811377
2017-06-23,1429191.24644562
2017-06-26,1416457.39449676
2017-06-27,1418789.61178615
2017-06-28,1426950.72000000
2017-06-29,1421660.19020538
2017-06-30,1418306.14917999
2017-07-03,1398953.04203879
2017-07-05,1408793.17617817
2017-07-06,1414293.11749539
2017-07-07,1395945.05780621
2017-07-10,1393757.39893167
2017-07-11,1396355.99591410
2017-07-12,1395747.67603005
2017-07-13,1383553.46854461
2017-07-14,1391651.26830539
2017-07-17,1389994.38305631
2017-07-18,1395108.07156096
2017-07-19,1392911.82120151
2017-07-20,1399814.99891080
2017-07-21,1403097.66362270
2017-07-24,1398499.77522496
2017-07-25,1397760.81847203
2017-07-26,1398642.69000000
2017-07-27,1403912.34479335
2017-07-28,1424907.90342195
2017-07-31,1421340.49460783
2017-08-01,1428060.78860807
2017-08-02,1429337.92087857
2017-08-03,1428721.90902799
2017-08-04,1414492.83389127
2017-08-07,1421224.91884310
2017-08-08,1414241.55947663
2017-08-09,1449539.64000000
2017-08-10,1467538.62117706
2017-08-11,1473733.96311553
2017-08-14,1463538.47435089
2017-08-15,1449432.33343292
2017-08-16,1455704.33482813
2017-08-17,1464836.57179591
2017-08-18,1467485.06726593
2017-08-21,1470182.53161591
2017-08-22,1457637.49831271
2017-08-23,1458532.15662260
2017-08-24,1450811.78000000
2017-08-25,1452589.05000000
2017-08-28,1466824.65431186
2017-08-29,1475491.04957122
2017-08-30,1469205.56858366
2017-08-31,1481738.41902865
2017-09-01,1483797.61500000
2017-09-05,1513376.29681917
2017-09-06,1513723.08670071
2017-09-07,1517878.06745454
2017-09-08,1521801.06000000
2017-09-11,1506359.25000000
2017-09-12,1497997.28000000
2017-09-13,1491392.42350861
2017-09-14,1499653.07372102
2017-09-15,1493385.63160795
2017-09-18,1472565.91904508
2017-09-19,1474621.37287386
2017-09-20,1478899.52000000
2017-09-21,1462933.79033053
2017-09-22,1462709.42222624
2017-09-25,1479284.58727507
2017-09-26,1476193.52000000
2017-09-27,1465950.84388208
2017-09-28,1473607.21500000
2017-09-29,1467368.76000000
2017-10-02,1458577.77903838
2017-10-03,1455028.31000000
2017-10-04,1450884.35137726
2017-10-05,1446670.10780787
2017-10-06,1452357.91212012
2017-10-09,1465687.08383515
2017-10-10,1461862.59235079
2017-10-11,1455461.36527312
2017-10-12,1463756.99526579
2017-10-13,1469979.17500000
2017-10-16,1464870.33650787
2017-10-17,1449110.01000000
2017-10-18,1448078.88761747
2017-10-19,1456281.80562284
2017-10-20,1444151.82359648
2017-10-23,1443558.18183138
2017-10-24,1439462.25000000
2017-10-25,1434353.12945222
2017-10-26,1422650.11585904
2017-10-27,1431248.55000000
2017-10-30,1432992.98354583
2017-10-31,1416911.44000000
2017-11-01,1417079.47485071
2017-11-02,1417701.57614416
2017-11-03,1411045.64500000
2017-11-06,1422744.00314490
2017-11-07,1415781.18072301
2017-11-08,1426818.06882410
2017-11-09,1436940.80471645
2017-11-10,1424222.79532260
2017-11-13,1430065.13467007
2017-11-14,1428757.16500000
2017-11-15,1408260.33000000
2017-11-16,1401639.95078412
2017-11-17,1420585.59353233
2017-11-20,1396859.60524859
2017-11-21,1395758.42340531
2017-11-22,1407327.33340286
2017-11-24,1394666.94407267
2017-11-27,1406658.22708944
2017-11-28,1398845.61524211
2017-11-29,1382014.02668773
2017-11-30,1383191.69495158
2017-12-01,1385285.72889607
2017-12-04,1383227.21700399
2017-12-05,1370387.74148513
2017-12-06,1380139.42936728
2017-12-07,1365756.49736045
2017-12-08,1363045.67454873
2017-12-11,1355471.26578165
2017-12-12,1348676.96000000
2017-12-13,1358382.71462448
2017-12-14,1364134.45312704
2017-12-15,1364929.31313681
2017-12-18,1372137.56691691
2017-12-19,1366245.75108195
2017-12-20,1369882.19058911
2017-12-21,1369799.27677937
2017-12-22,1373363.50028493
2017-12-26,1382731.69471507
2017-12-27,1382456.79000000
2017-12-28,1384065.80589302
2017-12-29,1393769.90009966
2018-01-02,1395464.63613082
2018-01-03,1402779.58395796
2018-01-04,1403208.31396052
2018-01-05,1404376.75593949
2018-01-08,1407328.56794745
2018-01-09,1401420.22783003
2018-01-10,1407207.18407403
2018-01-11,1409212.23395209
2018-01-12,1416724.19193538
2018-01-16,1422094.19399470
2018-01-17,1429385.40000000
2018-01-18,1416075.18000000
2018-01-19,1420391.46203180
2018-01-22,1424502.22312676
2018-01-23,1437052.86346478
2018-01-24,1443857.25899348
2018-01-25,1443340.20986020
2018-01-26,1438629.49801824
2018-01-30,1429091.69012261
2018-01-31,1426423.31000000
2018-02-01,1439852.89630084
2018-02-02,1446837.71802775
2018-02-05,1449410.89000000
2018-02-06,1441178.93147170
2018-02-07,1419951.24957349
2018-02-08,1435315.67460495
2018-02-09,1429598.20542434
2018-02-12,1434346.90310832
2018-02-13,1441108.00251295
2018-02-14,1461310.33000000
2018-02-15,1440256.89399847
2018-02-16,1440982.03200240
2018-02-20,1425390.52437945
2018-02-21,1428114.10000000
2018-02-22,1442955.83752882
2018-02-23,1430218.98941937
2018-02-26,1425924.83967573
2018-02-27,1410044.98500000
2018-02-28,1421963.41500000
2018-03-01,1416786.51554368
2018-03-02,1432310.17153517
2018-03-05,1423047.09564648
2018-03-06,1415069.59809879
2018-03-07,1417852.02000000
2018-03-08,1414721.64216361
2018-03-09,1415364.74612602
2018-03-12,1407298.45403619
2018-03-13,1410571.99996882
2018-03-14,1406923.38993099
2018-03-15,1402708.08401567
2018-03-16,1400127.51413774
2018-03-19,1413360.99641070
2018-03-20,1404371.62785347
2018-03-21,1415962.03864789
2018-03-22,1433152.48562939
2018-03-23,1453884.29561481
2018-03-26,1459040.97029592
2018-03-27,1440207.51443072
2018-03-28,1411425.00195357
2018-03-29,1407393.11195268
2018-04-02,1427927.26902898
2018-04-03,1405424.32349075
2018-04-04,1421598.48596635
2018-04-05,1403599.13575394
2018-04-06,1427210.79015678
2018-04-09,1430014.77125445
2018-04-10,1432544.74000000
2018-04-11,1450925.96500000
2018-04-12,1433493.34614433
2018-04-13,1437120.57218218
2018-04-16,1446985.92500000
2018-04-17,1439766.05981489
2018-04-18,1439284.67598677
2018-04-19,1429655.18783402
2018-04-20,1429400.09278364
2018-04-23,1424649.90000000
2018-04-24,1433172.24227590
2018-04-25,1431916.50707805
2018-04-26,1417720.96759235
2018-04-27,1413077.53326128
2018-04-30,1407886.43976850
2018-05-01,1394622.76023150
2018-05-02,1401154.68974314
2018-05-03,1408805.84251507
2018-05-04,1412963.97344036
2018-05-07,1420128.39715373
2018-05-08,1413575.04000000
2018-05-09,1412466.84759723
2018-05-10,1413031.51623980
2018-05-11,1407056.44000000
2018-05-14,1406482.77500000
2018-05-15,1387410.65327566
2018-05-16,1395415.75718791
2018-05-17,1391977.33923626
2018-05-18,1394538.42122112
2018-05-21,1398783.17906047
2018-05-22,1388654.94950482
2018-05-23,1394958.18783162
2018-05-24,1405936.10134075
2018-05-25,1406052.22467976
2018-05-29,1402868.67425335
2018-05-30,1404669.90500000
2018-05-31,1401611.78168407
2018-06-01,1391638.14448200
2018-06-04,1382543.70090156
2018-06-05,1389557.62500000
2018-06-06,1384148.35495184
2018-06-07,1389569.98675336
2018-06-08,1395353.62576120
2018-06-11,1397122.84425588
2018-06-12,1397645.99165722
2018-06-13,1406565.89047411
2018-06-14,1411319.20000000
2018-06-15,1399166.63120441
2018-06-18,1409460.75007117
2018-06-19,1424360.44474331
2018-06-20,1407548.85793249
2018-06-21,1406667.97779577
2018-06-22,1407713.88111243
2018-06-25,1410498.51679530
2018-06-26,1406374.12668057
2018-06-27,1400855.95860073
2018-06-28,1400742.90081509
2018-06-29,1391821.04431361
2018-07-02,1388898.40270230
2018-07-03,1392767.93683680
2018-07-05,1405674.02759243
2018-07-06,1402495.59959926
2018-07-09,1397874.88287805
2018-07-10,1400808.10455532
2018-07-11,1396546.84287076
2018-07-12,1401683.25000000
2018-07-13,1405049.38433200
2018-07-16,1395425.33948822
2018-07-17,1381731.55495394
2018-07-18,1390894.04138396
2018-07-19,1393169.30782008
2018-07-20,1393552.18500000
2018-07-23,1388383.20000000
2018-07-24,1380987.59254302
2018-07-25,1382529.74940584
2018-07-26,1371943.95867397
2018-07-27,1367392.49069912
2018-07-30,1365120.34258022
2018-07-31,1368830.76537876
2018-08-01,1361393.00528599
2018-08-02,1367977.97241670
2018-08-03,1365416.41308871
2018-08-06,1360388.04652435
2018-08-07,1354691.49266202
2018-08-08,1358754.65064786
2018-08-09,1356928.10033114
2018-08-10,1367501.42643769
2018-08-13,1352363.81543182
2018-08-14,1345704.00000000
2018-08-15,1337039.47500000
2018-08-16,1328847.18083284
2018-08-17,1324480.17000000
2018-08-20,1331969.43080289
2018-08-21,1335258.78467008
2018-08-22,1337750.56660366
2018-08-23,1332419.37000000
2018-08-24,1345386.44446010
2018-08-27,1345266.39000000
2018-08-28,1334913.54098794
2018-08-29,1342174.35000000
2018-08-30,1329159.49781042
2018-08-31,1341239.28056362
2018-09-04,1332925.68442906
2018-09-05,1340940.70539339
2018-09-06,1343456.85637606
2018-09-07,1340114.37259367
2018-09-10,1347028.23000000
2018-09-11,1349020.88154693
2018-09-12,1359503.89489535
2018-09-13,1347730.48000000
2018-09-14,1337133.30000000
2018-09-17,1349626.45406771
2018-09-18,1345574.26290006
2018-09-19,1348579.81722446
2018-09-20,1349400.00937290
2018-09-21,1335078.76550084
2018-09-24,1339690.11254604
2018-09-25,1341888.00000000
2018-09-26,1331835.36000000
2018-09-27,1314717.65429896
2018-09-28,1323399.05000000
2018-10-01,1319615.94586511
2018-10-02,1344295.25129062
2018-10-03,1342012.17368618
2018-10-04,1351315.50088411
2018-10-05,1355337.92890413
2018-10-08,1346378.57174831
2018-10-09,1350736.74444367
2018-10-10,1352436.33652801
2018-10-11,1396001.26500000
2018-10-12,1377878.14938814
2018-10-15,1384728.26756133
2018-10-16,1378994.33486539
2018-10-17,1379158.79296664
2018-10-18,1392862.46000000
2018-10-19,1384589.05517790
2018-10-22,1382007.56074007
2018-10-23,1403189.87177028
2018-10-24,1391932.35935759
2018-10-25,1395765.93228000
2018-10-26,1410300.45000000
2018-10-29,1395844.28500000
2018-10-30,1393226.02818334
2018-10-31,1382931.28070282
2018-11-01,1394826.00000000
2018-11-02,1375961.59228672
2018-11-05,1383033.13491422
2018-11-06,1371684.04673062
2018-11-07,1373025.13332310
2018-11-08,1365783.66326206
2018-11-09,1359697.27551178
2018-11-12,1365121.33648895
2018-11-13,1360120.59261750
2018-11-14,1367524.01263578
2018-11-15,1371021.94320036
2018-11-16,1381335.25525115
2018-11-19,1378225.74549408
2018-11-20,1374678.49000000
2018-11-21,1382837.29308561
2018-11-23,1382281.89000000
2018-11-26,1376507.56491488
2018-11-27,1367699.09686068
2018-11-28,1378056.79154083
2018-11-29,1371236.79265592
2018-11-30,1368588.46723178
2018-12-03,1372442.31915075
2018-12-04,1371787.80301963
2018-12-06,1388541.50362394
2018-12-07,1402026.65490934
2018-12-10,1401450.85297640
2018-12-11,1401533.85354766
2018-12-12,1404554.30755157
2018-12-13,1397291.82509555
2018-12-14,1403252.80000000
2018-12-17,1410310.46759795
2018-12-18,1410221.82487581
2018-12-19,1409864.57251434
2018-12-20,1417632.81261442
2018-12-21,1409020.49487515
2018-12-24,1426165.65000000
2018-12-26,1428078.40105746
2018-12-27,1433513.84480191
2018-12-28,1429584.33226475
2018-12-31,1426710.68449916
2019-01-02,1437025.80000000
2019-01-03,1456142.85104215
2019-01-04,1438868.67022495
2019-01-07,1440443.97466030
2019-01-08,1445422.08899691
2019-01-09,1445369.81974087
2019-01-10,1435652.19543248
2019-01-11,1438720.35271450
2019-01-14,1447749.50958586
2019-01-15,1444788.40514926
2019-01-16,1449756.39260100
2019-01-17,1450825.80000000
2019-01-18,1436978.00476285
2019-01-22,1451225.70000000
2019-01-23,1447118.64546967
2019-01-24,1444986.45142427
2019-01-25,1453217.76734164
2019-01-28,1456864.66730503
2019-01-29,1462960.00539341
2019-01-30,1464717.10829502
2019-01-31,1467638.31569616
2019-02-01,1471003.66526646
2019-02-04,1472804.63471890
2019-02-05,1468881.28542271
2019-02-06,1467739.98000000
2019-02-07,1473075.02746125
2019-02-08,1475061.71617221
2019-02-11,1470767.10000000
2019-02-12,1471030.15713412
2019-02-13,1472552.77485562
2019-02-14,1476707.86905241
2019-02-15,1485867.74048310
2019-02-19,1511083.33147553
2019-02-20,1508243.86182584
2019-02-21,1489268.37500000
2019-02-22,1494339.75310336
2019-02-25,1482011.49328403
2019-02-26,1481276.25871304
2019-02-27,1473781.51038609
2019-02-28,1473184.83079556
2019-03-01,1460200.16749420
2019-03-04,1446839.03098844
2019-03-05,1444621.70000000
2019-03-06,1449187.34153106
2019-03-07,1450154.85915739
2019-03-08,1474299.90000000
2019-03-11,1461744.12738250
2019-03-12,1464598.68416960
2019-03-13,1479645.45000000
2019-03-14,1469884.45774074
2019-03-15,1478909.94547332
2019-03-18,1471887.64327361
2019-03-19,1474297.65000000
2019-03-20,1468368.54000000
2019-03-21,1474325.65244599
2019-03-22,1488705.32029392
2019-03-25,1497646.63265531
2019-03-26,1491007.69039519
2019-03-27,1490076.77276760
2019-03-28,1469288.62362518
2019-03-29,1469041.95000000
2019-04-01,1462282.49170437
2019-04-02,1465930.20000000
2019-04-03,1463198.09268948
2019-04-04,1466134.38000000
2019-04-05,1467700.98776393
2019-04-08,1485685.34104103
2019-04-09,1485273.07500000
2019-04-10,1489219.04123143
2019-04-11,1470228.14214941
2019-04-12,1462624.04633639
2019-04-15,1457494.07530730
2019-04-16,1444464.60229343
2019-04-17,1441682.42866487
2019-04-18,1445946.82375026
2019-04-22,1447765.74000000
2019-04-23,1449629.50676728
2019-04-24,1468189.78500000
2019-04-25,1483946.82679661
2019-04-26,1491678.98533830
2019-04-29,1483866.41567122
2019-04-30,1495732.02893529
2019-05-01,1494099.61446182
2019-05-02,1476876.89220241
2019-05-03,1496599.98287134
2019-05-06,1500614.30282984
2019-05-07,1503055.51000000
2019-05-08,1500160.49862195
2019-05-09,1518431.84000000
2019-05-10,1517331.65437279
2019-05-13,1544453.76600214
2019-05-14,1537585.66200949
2019-05-15,1543219.28213114
2019-05-16,1528019.20000000
2019-05-17,1522262.80000000
2019-05-20,1523408.15085934
2019-05-21,1517915.76000000
2019-05-22,1515533.02695308
2019-05-23,1531070.52218973
2019-05-24,1523370.05000000
2019-05-28,1516801.12500000
2019-05-29,1530496.25482663
2019-05-30,1532833.10292964
2019-05-31,1555469.01816630
2019-06-03,1565071.49022239
2019-06-04,1566442.43889290
2019-06-05,1562678.59244605
2019-06-06,1577792.80320670
2019-06-07,1589764.53812034
2019-06-10,1570418.54511252
2019-06-11,1567168.15684090
2019-06-12,1573639.87884042
2019-06-13,1584568.16622337
2019-06-14,1586463.95510247
2019-06-17,1588769.10204856
2019-06-18,1595599.77707635
2019-06-19,1582056.33127919
2019-06-20,1616544.05232927
2019-06-21,1621756.05328151
2019-06-24,1635708.72147434
2019-06-25,1632907.82017109
2019-06-26,1631075.53979473
2019-06-27,1626561.18819111
2019-06-28,1629387.59156033
2019-07-01,1609471.36364608
2019-07-02,1638508.00952500
2019-07-03,1658411.22587915
2019-07-05,1635395.97282495
2019-07-08,1646839.48000000
2019-07-09,1652613.62500000
2019-07-10,1665483.18216910
2019-07-11,1647623.11829077
2019-07-12,1662229.83177866
2019-07-15,1664520.50478769
2019-07-16,1661136.71844017
2019-07-17,1678796.97867653
2019-07-18,1680017.07624380
2019-07-19,1674577.97731679
2019-07-22,1678005.74748756
2019-07-23,1673942.84622671
2019-07-24,1675005.58548561
2019-07-25,1669151.39581674
2019-07-26,1678298.27500000
2019-07-29,1681232.25109124
2019-07-30,1688432.75133323
2019-07-31,1685906.86914299
2019-08-01,1691226.25405400
2019-08-02,1735659.61069213
2019-08-05,1781100.03031500
2019-08-06,1786462.94961665
2019-08-07,1832304.08535872
2019-08-08,1810614.40196795
2019-08-09,1812607.06043583
2019-08-12,1834960.75952377
2019-08-13,1838197.01424819
2019-08-14,1840681.60463984
2019-08-15,1844110.55037724
2019-08-16,1827947.00000000
2019-08-19,1815048.91352902
2019-08-20,1817285.94251711
2019-08-21,1810003.67863526
2019-08-22,1811658.19408186
2019-08-23,1850391.83041264
2019-08-26,1852012.47925032
2019-08-27,1868554.96000000
2019-08-28,1866873.88127913
2019-08-29,1847477.15500000
2019-08-30,1835163.91651126
2019-09-03,1878206.69365717
2019-09-04,1868514.63685285
2019-09-05,1814282.37122438
2019-09-06,1795797.01578146
2019-09-09,1791794.05775655
2019-09-10,1776303.53120097
2019-09-11,1782385.85311405
2019-09-12,1772872.12023704
2019-09-13,1754789.32873057
2019-09-16,1779745.52609734
2019-09-17,1790466.93096186
2019-09-18,1795176.22500000
2019-09-19,1789419.27715091
2019-09-20,1791863.22504862
2019-09-23,1824371.66253438
2019-09-24,1829189.48185666
2019-09-25,1806272.27069580
2019-09-26,1810854.22500000
2019-09-27,1796521.41074706
2019-09-30,1756348.25148701
2019-10-01,1782208.74000000
2019-10-02,1811091.59000000
2019-10-03,1813644.11062501
2019-10-04,1800360.80163350
2019-10-07,1791848.22157979
2019-10-08,1794034.81348896
2019-10-09,1803268.56177366
2019-10-10,1783281.51025370
2019-10-11,1757014.26913596
2019-10-14,1767515.27214133
2019-10-15,1752537.00304803
2019-10-16,1768740.96000000
2019-10-17,1759362.06556862
2019-10-18,1755197.90440941
2019-10-21,1736794.69259900
2019-10-22,1738404.46771020
2019-10-23,1745939.34360486
2019-10-24,1758224.71763317
2019-10-25,1761642.59000000
2019-10-28,1743195.70000000
2019-10-29,1736771.39000000
2019-10-30,1744102.33896510
2019-10-31,1765421.02651259
2019-11-01,1760062.20000000
2019-11-04,1752778.56000000
2019-11-05,1711997.36045383
2019-11-06,1725755.85745144
2019-11-07,1690989.88160672
2019-11-08,1690753.38249729
2019-11-11,1697928.08000000
2019-11-12,1689779.69959457
2019-11-13,1710788.23984888
2019-11-14,1723639.75518530
2019-11-15,1709243.15388158
2019-11-18,1714304.56044937
2019-11-19,1718442.44395482
2019-11-20,1724541.90615698
2019-11-21,1719040.05431996
2019-11-22,1724117.01123526
2019-11-25,1712189.57330678
2019-11-26,1717936.49146461
2019-11-27,1710811.70273326
2019-11-29,1729320.03519766
2019-12-02,1733220.37887673
2019-12-03,1761334.36981710
2019-12-04,1757464.94000000
2019-12-05,1758175.63405888
2019-12-06,1732549.90201532
2019-12-09,1738361.99716776
2019-12-10,1743901.82889522
2019-12-11,1753332.19112674
2019-12-12,1742850.21797629
2019-12-13,1728576.83540515
2019-12-16,1726531.75000000
2019-12-17,1716596.57758407
2019-12-18,1717787.87152574
2019-12-19,1724054.16704859
2019-12-20,1709752.37638699
2019-12-23,1724814.62500000
2019-12-24,1742239.00063094
2019-12-26,1754093.42374974
2019-12-27,1756916.33667210
2019-12-30,1751988.74500000
2019-12-31,1753335.85500000
2020-01-02,1768221.81500000
2020-01-03,1807172.72703883
2020-01-06,1831232.30690699
2020-01-07,1832467.36892797
2020-01-08,1817828.45649184
2020-01-09,1799304.71237820
2020-01-10,1805921.25000000
2020-01-13,1792629.16026019
2020-01-14,1784186.65223651
2020-01-15,1795903.83975568
2020-01-16,1794439.05000000
2020-01-17,1807989.82463596
2020-01-21,1817719.58850844
2020-01-22,1810260.38583470
2020-01-23,1827061.62149522
2020-01-24,1835374.70248399
2020-01-27,1856887.04150367
2020-01-28,1849678.75044213
2020-01-29,1850276.22355446
2020-01-30,1888022.88500000
2020-01-31,1892831.84918948
2020-02-03,1880101.20179220
2020-02-04,1839410.09296027
2020-02-05,1841397.54771950
2020-02-06,1851685.43212028
2020-02-07,1873018.17285275
2020-02-10,1871357.67497092
2020-02-11,1853607.74709954
2020-02-12,1849751.46480722
2020-02-13,1864004.81311272
2020-02-14,1873995.87718284
2020-02-18,1906416.00000000
2020-02-19,1912249.85000000
2020-02-20,1950395.53854982
2020-02-21,1993814.33440678
2020-02-24,2039408.20976677
2020-02-25,1998891.96662715
2020-02-26,1994076.00000000
2020-02-27,1986171.20000000
2020-02-28,1887946.87553591
2020-03-02,1898180.88821024
2020-03-03,1960995.79084958
2020-03-04,1939763.76014762
2020-03-05,1976700.37295539
2020-03-06,1992145.02222147
2020-03-09,2009383.25500000
2020-03-10,1976817.62091549
2020-03-11,1951936.49502813
2020-03-12,1922147.15805647
2020-03-13,1830995.85501238
2020-03-16,1829024.05804676
2020-03-17,1895648.96734480
2020-03-18,1861560.56453117
2020-03-19,1867442.19717066
2020-03-20,1851215.80000000
2020-03-23,1969248.90000000
2020-03-24,2061885.32935558
2020-03-25,2012397.43820055
2020-03-26,2008287.17729132
2020-03-27,1991680.90193838
2020-03-30,1986739.14000000
2020-03-31,1938097.46387808
2020-04-01,1943142.90787855
2020-04-02,1997286.18900893
2020-04-03,2018942.73665540
2020-04-06,2060764.68000000
2020-04-07,2017937.43518782
2020-04-08,2028873.57973748
2020-04-09,2112920.61657487
2020-04-13,2123386.76342513
2020-04-14,2135233.65664811
2020-04-15,2107771.18841080
2020-04-16,2108642.69791860
2020-04-17,2055553.63657975
2020-04-20,2073756.90625129
2020-04-21,2067877.97983167
2020-04-22,2131106.72580335
2020-04-23,2134923.00314440
2020-04-24,2126592.18000000
2020-04-27,2096204.46088980
2020-04-28,2084928.45000000
2020-04-29,2076359.45975457
2020-04-30,2033385.12704608
2020-05-01,2045820.68500000
2020-05-04,2090338.04589346
2020-05-05,2082452.99382438
2020-05-06,2062555.47020034
2020-05-07,2108034.23578355
2020-05-08,2085394.06977044
2020-05-11,2076166.15780015
2020-05-12,2081720.10181389
2020-05-13,2097779.35187735
2020-05-14,2140696.07293591
2020-05-15,2163906.03812487
2020-05-18,2130252.60406481
2020-05-19,2136348.42619155
2020-05-20,2149841.80602306
2020-05-21,2118709.72500000
2020-05-22,2153158.94969987
2020-05-26,2100484.14016344
2020-05-27,2114786.01037830
2020-05-28,2121031.19445056
2020-05-29,2146495.78816637
2020-06-01,2133080.04793687
2020-06-02,2106589.90437515
2020-06-03,2068922.16150375
2020-06-04,2091299.71469843
2020-06-05,2020273.51514667
2020-06-08,2036448.57155254
2020-06-09,2054639.21648945
2020-06-10,2036634.03404520
2020-06-11,2074468.36000000
2020-06-12,2081229.90176739
2020-06-15,2088392.65027816
2020-06-16,2094095.87444584
2020-06-17,2097156.40877946
2020-06-18,2089164.05914534
2020-06-19,2108052.06647337
2020-06-22,2132704.00871843
2020-06-23,2139598.06852785
2020-06-24,2123321.58471661
2020-06-25,2120387.76362671
2020-06-26,2127992.60000000
2020-06-29,2127754.53454082
2020-06-30,2154917.05000000
2020-07-01,2133922.01723651
2020-07-02,2140139.92000000
2020-07-06,2132786.25000000
2020-07-07,2155874.60565206
2020-07-08,2169812.98000000
2020-07-09,2148424.66169210
2020-07-10,2160357.42133564
2020-07-13,2176224.37000000
2020-07-14,2183837.05455812
2020-07-15,2174114.76529786
2020-07-16,2164843.31323017
2020-07-17,2178169.74081769
2020-07-20,2184327.98036254
2020-07-21,2202515.53318118
2020-07-22,2228904.34081296
2020-07-23,2268601.26968628
2020-07-24,2283078.06775860
2020-07-27,2310557.36000000
2020-07-28,2333795.51740009
2020-07-29,2332908.77000000
2020-07-30,2322485.86038798
2020-07-31,2335143.21809305
2020-08-03,2349370.00000000
2020-08-04,2392414.52962422
2020-08-05,2408640.83905267
2020-08-06,2433797.02500000
2020-08-07,2384662.00504144
2020-08-10,2402983.07297491
2020-08-11,2286033.85912590
2020-08-12,2291308.60890632
2020-08-13,2318709.00913596
2020-08-14,2299064.04000000
2020-08-17,2354388.65000000
2020-08-18,2367969.42490974
2020-08-19,2307779.45646752
2020-08-20,2298069.96402811
2020-08-21,2306507.47489742
2020-08-24,2288314.78103537
2020-08-25,2268981.65195291
2020-08-26,2302970.41105490
2020-08-27,2278306.57905877
2020-08-28,2320330.09317008
2020-08-31,2333042.31905633
2020-09-01,2331765.84615012
2020-09-02,2296403.64497809
2020-09-03,2295308.94693355
2020-09-04,2289229.40004521
2020-09-08,2299825.41000000
2020-09-09,2309000.59302268
2020-09-10,2318580.07406516
2020-09-11,2300168.65796121
2020-09-14,2310185.24412712
2020-09-15,2304286.70151588
2020-09-16,2296805.48678491
2020-09-17,2274591.80000000
2020-09-18,2269940.89361556
2020-09-21,2214346.59512721
2020-09-22,2205660.54964217
2020-09-23,2167862.27045181
2020-09-24,2194075.52834449
2020-09-25,2183707.71560082
2020-09-28,2190108.56110327
2020-09-29,2211083.84599584
2020-09-30,2206242.12500000
2020-10-01,2216663.88035295
2020-10-02,2210711.62519069
2020-10-05,2216281.50000000
2020-10-06,2205713.22467879
2020-10-07,2180775.54373883
2020-10-08,2175912.68987651
2020-10-09,2197808.30500000
2020-10-12,2208298.85000000
2020-10-13,2164560.93000000
2020-10-14,2179137.02496553
2020-10-15,2186738.67989531
2020-10-16,2171264.88777802
2020-10-19,2169807.31578273
2020-10-20,2177875.13182764
2020-10-21,2180975.93833834
2020-10-22,2157710.45029514
2020-10-23,2147319.96000000
2020-10-26,2154503.26270784
2020-10-27,2150282.34300748
2020-10-28,2131888.48051545
2020-10-29,2115086.66032565
2020-10-30,2125198.05363188
2020-11-02,2142541.57966581
2020-11-03,2158914.28500000
2020-11-04,2145369.22835909
2020-11-05,2183521.49280972
2020-11-06,2189523.85281949
2020-11-09,2060813.94169958
2020-11-10,2094784.31926548
2020-11-11,2073470.99058629
2020-11-12,2087462.09678920
2020-11-13,2093730.36978307
2020-11-16,2090713.24809290
2020-11-17,2085199.25000000
2020-11-18,2068849.84500000
2020-11-19,2077955.34474575
2020-11-20,2088791.64277187
2020-11-23,2043541.76429652
2020-11-24,2005999.15827357
2020-11-25,1997988.93897009
2020-11-27,1969979.57198648
2020-11-30,1965540.03294958
2020-12-01,2011038.66894005
2020-12-02,2012724.65416785
2020-12-03,2004297.84528281
2020-12-04,1993989.37551195
2020-12-07,2021579.72902059
2020-12-08,2030061.25698690
2020-12-09,1991219.77550612
2020-12-10,1995580.19743362
2020-12-11,2010662.27936484
2020-12-14,1996044.28370157
2020-12-15,2025767.94840293
2020-12-16,2029701.00630693
2020-12-17,2062690.67462930
2020-12-18,2071893.96434853
2020-12-21,2084859.59382604
2020-12-22,2064160.91700645
2020-12-23,2076323.93091833
2020-12-24,2073661.31992594
2020-12-28,2059964.13841591
2020-12-29,2055151.14461221
2020-12-30,2056878.52000000
2020-12-31,2061112.59842361
2021-01-04,2106693.45710246
2021-01-05,2125748.22084269
2021-01-06,2069959.04549730
2021-01-07,2090966.24239219
2021-01-08,2003130.62934037
2021-01-11,2031267.68519245
2021-01-12,2025181.26582439
2021-01-13,2034288.90121051
2021-01-14,2030334.24358116
2021-01-15,2012339.81171593
2021-01-19,2028030.35500000
2021-01-20,2056352.43990153
2021-01-21,2051419.68770226
2021-01-22,2052107.23400183
2021-01-25,2045676.49192057
2021-01-26,2041525.62313514
2021-01-27,2041953.79601723
2021-01-28,2053228.39126988
2021-01-29,2062510.50451870
2021-02-01,2080709.39860073
2021-02-02,2042783.08500000
2021-02-03,2044625.21350865
2021-02-04,2000151.22829258
2021-02-05,2033278.54740755
2021-02-08,2053211.86635897
2021-02-09,2043056.01435756
2021-02-10,2034820.08501426
2021-02-11,2013101.96392740
2021-02-12,2012940.83702597
2021-02-16,1984845.59807166
2021-02-17,1960200.31998374
2021-02-18,1961912.44700478
2021-02-19,1959666.38588586
2021-02-22,2011489.39063512
2021-02-23,2008603.97517248
2021-02-24,1990968.11105385
2021-02-25,1972724.71513831
2021-02-26,1949089.40046845
2021-03-01,1933299.55000000
2021-03-02,1951487.90351410
2021-03-03,1918082.82060268
2021-03-04,1912809.95506381
2021-03-05,1916057.16000000
2021-03-08,1911101.56837677
2021-03-09,1954022.91821385
2021-03-10,1964489.72500000
2021-03-11,1947060.20520232
2021-03-12,1952406.27500000
2021-03-15,1960918.40768582
2021-03-16,1955179.93442231
2021-03-17,1952959.05122527
2021-03-18,1953297.95293734
2021-03-19,1969262.21760405
2021-03-22,1959543.33506071
2021-03-23,1948479.76983431
2021-03-24,1960949.66762236
2021-03-25,1959745.16273342
2021-03-26,1958563.84078890
2021-03-29,1938884.73835665
2021-03-30,1909424.75467923
2021-03-31,1935514.36114714
2021-04-01,1952498.85000000
2021-04-05,1953064.30000000
2021-04-06,1950793.47000000
2021-04-07,1944579.12372158
2021-04-08,1960413.17448940
2021-04-09,1952234.55968228
2021-04-12,1946526.60109652
2021-04-13,1963043.06110629
2021-04-14,1934240.03721471
2021-04-15,1969374.34323033
2021-04-16,1982482.02000000
2021-04-19,1971394.73119665
2021-04-20,1980552.08241420
2021-04-21,2006515.75066616
2021-04-22,1990597.81742955
2021-04-23,1983807.26000000
2021-04-26,1978043.33771276
2021-04-27,1976086.98000000
2021-04-28,1975858.97358922
2021-04-29,1958329.85196373
2021-04-30,1969214.07940883
2021-05-03,2010864.44140047
2021-05-04,1999550.85498258
2021-05-05,2007736.90753021
2021-05-06,2036464.50500000
2021-05-07,2050703.79566251
2021-05-10,2043226.50000000
2021-05-11,2053472.53630283
2021-05-12,2049987.54854461
2021-05-13,2065234.69929412
2021-05-14,2074051.79854644
2021-05-17,2125681.87500000
2021-05-18,2106075.30105924
2021-05-19,2125774.99017546
2021-05-20,2127920.67721648
2021-05-21,2114215.09699008
2021-05-24,2122606.10650726
2021-05-25,2128965.87562101
2021-05-26,2123790.18054409
2021-05-27,2117686.41545201
2021-05-28,2124464.67500000
2021-06-01,2109745.25706337
2021-06-02,2122742.30000000
2021-06-03,2084703.86559850
2021-06-04,2110075.14252162
2021-06-07,2107401.75825159
2021-06-08,2110484.13753697
2021-06-09,2111164.06154820
2021-06-10,2114154.44949986
2021-06-11,2091986.84720006
2021-06-14,2085405.92000000
2021-06-15,2073980.07500000
2021-06-16,2080092.48500000
2021-06-17,2012092.34738982
2021-06-18,2001669.44463773
2021-06-21,2021683.78940398
2021-06-22,2017219.62445281
2021-06-23,2025174.07648406
2021-06-24,2009854.88036959
2021-06-25,2001606.36249847
2021-06-28,2014062.27237398
2021-06-29,1988861.52709196
2021-06-30,1998790.55511686
2021-07-01,2011206.77764433
2021-07-02,2025639.65626194
2021-07-06,2032681.16000000
2021-07-07,2047855.12500000
2021-07-08,2069485.98392923
2021-07-09,2073155.90000000
2021-07-12,2074754.21500000
2021-07-13,2072722.00996239
2021-07-14,2093092.41802461
2021-07-15,2090428.03190820
2021-07-16,2072394.88500000
2021-07-19,2086823.74266141
2021-07-20,2079873.00503562
2021-07-21,2082187.26719135
2021-07-22,2073403.50000000
2021-07-23,2073123.20409200
2021-07-26,2076419.22363065
2021-07-27,2073383.90000000
2021-07-28,2077324.80500000
2021-07-29,2097676.16806426
2021-07-30,2086429.45390238
2021-08-02,2092014.91791239
2021-08-03,2078284.38797341
2021-08-04,2068985.08500000
2021-08-05,2061532.47812232
2021-08-06,2011099.20000000
2021-08-09,1972103.88193261
2021-08-10,1990678.68022677
2021-08-11,2027663.38827654
2021-08-12,2033999.55000000
2021-08-13,2067113.83114039
2021-08-16,2085759.05349257
2021-08-17,2096286.15000000
2021-08-18,2085024.26743273
2021-08-19,2093354.92458031
2021-08-20,2106887.38000000
2021-08-23,2112106.13480493
2021-08-24,2105510.13153550
2021-08-25,2087705.56099146
2021-08-26,2091730.32900904
2021-08-27,2125022.31944567
2021-08-30,2107810.62000000
2021-08-31,2101243.65000000
2021-09-01,2100857.07271589
2021-09-02,2095831.06841824
2021-09-03,2119083.68825213
2021-09-07,2089888.85840592
2021-09-08,2086326.60610866
2021-09-09,2099435.12451186
2021-09-10,2086512.50754014
2021-09-13,2104972.80000000
2021-09-14,2112148.63485132
2021-09-15,2093110.97650527
2021-09-16,2059093.25535389
2021-09-17,2058676.45472544
2021-09-20,2096101.60809549
2021-09-21,2101380.96000000
2021-09-22,2102333.51822044
2021-09-23,2050890.93869897
2021-09-24,2064191.02039330
2021-09-27,2067502.50000000
2021-09-28,2059249.02992898
2021-09-29,2040270.15500000
2021-09-30,2079223.11984109
2021-10-01,2077072.69000000
2021-10-04,2083285.82840355
2021-10-05,2087079.12704705
2021-10-06,2104783.38000000
2021-10-07,2091883.45004766
2021-10-08,2097724.77832255
2021-10-11,2097255.80482297
2021-10-12,2105089.56746074
2021-10-13,2138000.65679708
2021-10-14,2130131.52810813
2021-10-15,2088600.60628929
2021-10-18,2095594.16998270
2021-10-19,2084706.54247826
2021-10-20,2094176.55134754
2021-10-21,2097879.49048851
2021-10-22,2112585.30000000
2021-10-25,2112622.68000000
2021-10-26,2089445.57408717
2021-10-27,2105484.76058606
2021-10-28,2109907.77941272
2021-10-29,2086805.37000000
2021-11-01,2114609.82024526
2021-11-02,2102670.45359887
2021-11-03,2085386.42713615
2021-11-04,2122230.66000000
2021-11-05,2155194.95696295
2021-11-08,2159804.08885018
2021-11-09,2153925.71853295
2021-11-10,2178154.08722281
2021-11-11,2199954.71034447
2021-11-12,2201245.46276621
2021-11-15,2201941.98819693
2021-11-16,2189824.47516227
2021-11-17,2209760.97828880
2021-11-18,2201804.93000000
2021-11-19,2208500.05374532
2021-11-22,2143758.12000000
2021-11-23,2123595.61500000
2021-11-24,2119885.43199579
2021-11-26,2132844.40933574
2021-11-29,2125499.74623270
2021-11-30,2107604.32299311
2021-12-01,2095161.57129384
2021-12-02,2070741.60557153
2021-12-03,2105450.82000000
2021-12-06,2100507.30000000
2021-12-07,2099171.90525503
2021-12-08,2096475.89869518
2021-12-09,2088881.63126699
2021-12-10,2105622.75782845
2021-12-13,2112264.08174050
2021-12-14,2095091.38888679
2021-12-15,2090020.54705560
2021-12-16,2125898.78511589
2021-12-17,2137755.58987039
2021-12-20,2137552.23180929
2021-12-21,2129639.23507573
2021-12-22,2146192.00292110
2021-12-23,2151162.18200461
2021-12-27,2147606.90800653
2021-12-28,2148942.66803244
2021-12-29,2141678.91703851
2021-12-30,2155209.60694357
2021-12-31,2172440.62500000
2022-01-03,2146288.36111576
2022-01-04,2175874.86000000
2022-01-05,2183608.26678709
2022-01-06,2153165.45322040
2022-01-07,2163084.84000000
2022-01-10,2154141.53323854
2022-01-11,2170335.39686886
2022-01-12,2174751.65388205
2022-01-13,2159506.05409934
2022-01-14,2160163.63500000
2022-01-18,2160877.84022196
2022-01-19,2188496.91101557
2022-01-20,2192482.87500000
2022-01-21,2182223.39817118
2022-01-24,2203409.82157979
2022-01-25,2220849.95846699
2022-01-26,2190664.81422243
2022-01-27,2160478.23382794
2022-01-28,2162567.02057491
2022-01-31,2170675.55000000
2022-02-01,2164212.70070050
2022-02-02,2171799.80538349
2022-02-03,2170144.89000000
2022-02-04,2165336.53274291
2022-02-07,2181734.18674803
2022-02-08,2190184.70073119
2022-02-09,2191834.35768087
2022-02-10,2195158.67962422
2022-02-11,2198706.80232402
2022-02-14,2235958.64000000
2022-02-15,2219379.54642802
2022-02-16,2238760.25554707
2022-02-17,2274662.66656270
2022-02-18,2268238.40483762
2022-02-22,2274377.55187374
2022-02-23,2272444.33387960
2022-02-24,2324153.94953005
2022-02-25,2264667.79000000
2022-02-28,2285624.02537353
2022-03-01,2336377.02136108
2022-03-02,2315933.11442992
2022-03-03,2330158.92540404
2022-03-04,2395437.21924445
2022-03-07,2449506.17998769
2022-03-08,2518687.02886366
2022-03-09,2451573.72113390
2022-03-10,2452527.85303843
2022-03-11,2442825.12883802
2022-03-14,2427630.83375992
2022-03-15,2396894.08000000
2022-03-16,2349453.96000000
2022-03-17,2354951.58840092
2022-03-18,2342473.71067887
2022-03-21,2345871.86630865
2022-03-22,2341314.03347672
2022-03-23,2358410.81627326
2022-03-24,2398899.45814828
2022-03-25,2385550.78362045
2022-03-28,2374516.47811655
2022-03-29,2320995.92000000
2022-03-30,2340791.77500000
2022-03-31,2365821.94873308
2022-04-01,2336561.79328009
2022-04-04,2346254.39661393
2022-04-05,2332958.45461543
2022-04-06,2336649.59773187
2022-04-07,2357766.37153549
2022-04-08,2383197.47403819
2022-04-11,2399577.34826403
2022-04-12,2424933.57198498
2022-04-13,2430904.91000000
2022-04-14,2418254.91195058
2022-04-18,2432978.67195058
2022-04-19,2424872.36945568
2022-04-20,2411793.38832263
2022-04-21,2408719.78223130
2022-04-22,2399325.43000000
2022-04-25,2368677.11890635
2022-04-26,2387036.60464456
2022-04-27,2391415.52595310
2022-04-28,2409867.81569585
2022-04-29,2403312.34346427
2022-05-02,2359459.20188226
2022-05-03,2364574.01378411
2022-05-04,2360466.77000000
2022-05-05,2360040.64000000
2022-05-06,2391814.05391607
2022-05-09,2366409.64389556
2022-05-10,2347491.64314423
2022-05-11,2359397.22491240
2022-05-12,2351553.06895994
2022-05-13,2316165.05728117
2022-05-16,2328044.35500000
2022-05-17,2300404.76021980
2022-05-18,2299873.69891575
2022-05-19,2349757.78968267
2022-05-20,2334389.47188958
2022-05-23,2330223.68557854
2022-05-24,2355117.69217676
2022-05-25,2346926.30192633
2022-05-26,2336129.70086767
2022-05-27,2319956.65619131
2022-05-31,2286514.23440929
2022-06-01,2291111.36269276
2022-06-02,2328869.38000000
2022-06-03,2300125.04442487
2022-06-06,2299643.65894541
2022-06-07,2323231.25000000
2022-06-08,2326893.86167092
2022-06-09,2321519.73331534
2022-06-10,2378302.20000000
2022-06-13,2360277.04000000
2022-06-14,2331504.56000000
2022-06-15,2343933.57604978
2022-06-16,2390329.09276124
2022-06-17,2374183.36442786
2022-06-21,2373825.60041541
2022-06-22,2387304.82755127
2022-06-23,2378832.26537597
2022-06-24,2367454.50500000
2022-06-27,2338436.22934781
2022-06-28,2343502.67500000
2022-06-29,2352314.42566895
2022-06-30,2347567.05223673
2022-07-01,2333964.84767051
2022-07-05,2309631.77401369
2022-07-06,2270168.72894122
2022-07-07,2261425.02776327
2022-07-08,2263493.61425699
2022-07-11,2262061.50000000
2022-07-12,2256833.74394777
2022-07-13,2259090.25039062
2022-07-14,2252718.33500000
2022-07-15,2257331.36036693
2022-07-18,2249460.96373533
2022-07-19,2237158.80000000
2022-07-20,2228911.24500000
2022-07-21,2245983.33496580
2022-07-22,2263813.56400435
2022-07-25,2252457.27000000
2022-07-26,2250874.01601317
2022-07-27,2258931.74992477
2022-07-28,2283318.92270020
2022-07-29,2298098.84282063
2022-08-01,2304900.86000000
2022-08-02,2319822.17002729
2022-08-03,2304034.80000000
2022-08-04,2342917.11500000
2022-08-05,2294788.60459557
2022-08-08,2329951.52767334
2022-08-09,2343286.92000000
2022-08-10,2354247.03999556
2022-08-11,2327791.13848877
2022-08-12,2347874.42213543
2022-08-15,2335041.33799638
2022-08-16,2327271.73991209
2022-08-17,2315586.69923342
2022-08-18,2319260.40151859
2022-08-19,2335090.65938409
2022-08-22,2330634.72000000
2022-08-23,2344030.98552498
2022-08-24,2345023.32551521
2022-08-25,2348269.55776361
2022-08-26,2313405.30047294
2022-08-29,2343298.54306212
2022-08-30,2320013.02225822
2022-08-31,2299930.77756844
2022-09-01,2295754.25696961
2022-09-02,2328388.60849621
2022-09-06,2340702.65760183
2022-09-07,2385004.64689470
2022-09-08,2357825.68000000
2022-09-09,2364734.75071763
2022-09-12,2378297.59140574
2022-09-13,2341425.35000000
2022-09-14,2363835.24000000
2022-09-15,2328728.85413250
2022-09-16,2323612.78112776
2022-09-19,2321366.43396956
2022-09-20,2311397.73399641
2022-09-21,2321268.01996050
2022-09-22,2340857.70041278
2022-09-23,2331094.01518332
2022-09-26,2321351.53582788
2022-09-27,2310938.75163064
2022-09-28,2393549.65518824
2022-09-29,2372301.81500000
2022-09-30,2388702.59507473
2022-10-03,2441652.77620630
2022-10-04,2457317.70114838
2022-10-05,2428083.01263218
2022-10-06,2410244.70124248
2022-10-07,2397773.02000000
2022-10-10,2380087.49270531
2022-10-11,2404771.25405005
2022-10-12,2382850.04966088
2022-10-13,2388150.10000000
2022-10-14,2362783.82072240
2022-10-17,2380959.87000000
2022-10-18,2348868.58000000
2022-10-19,2327487.75000000
2022-10-20,2327608.29369408
2022-10-21,2382871.79000000
2022-10-24,2373880.62469212
2022-10-25,2375867.01419215
2022-10-26,2360966.40000000
2022-10-27,2363674.24050026
2022-10-28,2335905.29322356
2022-10-31,2336719.59486724
2022-11-01,2322920.95000000
2022-11-02,2328714.80190409
2022-11-03,2322157.16968041
2022-11-04,2367958.95000000
2022-11-07,2334056.83000000
2022-11-08,2360112.69535106
2022-11-09,2333277.50769475
2022-11-10,2415956.66040054
2022-11-11,2328629.94000000
2022-11-14,2353549.43160817
2022-11-15,2328254.46809328
2022-11-16,2346689.61000000
2022-11-17,2378770.43396738
2022-11-18,2347510.99470891
2022-11-21,2365487.50723446
2022-11-22,2356335.24819102
2022-11-23,2361600.04003723
2022-11-25,2337499.62510016
2022-11-28,2322615.84341851
2022-11-29,2320354.12439524
2022-11-30,2297159.82000000
2022-12-01,2349679.00615520
2022-12-02,2329102.74165733
2022-12-05,2288535.59560753
2022-12-06,2332574.41237552
2022-12-07,2358627.64500000
2022-12-08,2358615.52961179
2022-12-09,2339687.68823771
2022-12-12,2322858.10500000
2022-12-13,2371656.14291583
2022-12-14,2342321.17500000
2022-12-15,2332521.61991209
2022-12-16,2342555.10000000
2022-12-19,2323044.57854737
2022-12-20,2336445.92540737
2022-12-21,2334975.04638760
2022-12-22,2288575.16000000
2022-12-23,2298554.48224211
2022-12-27,2305830.49804193
2022-12-28,2291459.04393894
2022-12-29,2306925.85500000
2022-12-30,2293113.09046639
2023-01-03,2349149.66164800
2023-01-04,2358077.15014643
2023-01-05,2329462.14199457
2023-01-06,2374058.63781500
2023-01-09,2329264.19926525
2023-01-10,2336018.79353290
2023-01-11,2339125.84954120
2023-01-12,2358229.46000000
2023-01-13,2383209.16632430
2023-01-17,2363116.09949719
2023-01-18,2349382.13411364
2023-01-19,2382442.91974381
2023-01-20,2378140.83013415
2023-01-23,2367731.38500865
2023-01-24,2389507.53116075
2023-01-25,2398274.89167249
2023-01-26,2377094.86292127
2023-01-27,2381010.95786390
2023-01-30,2361282.77197499
2023-01-31,2384765.52500000
2023-02-01,2369883.15602770
2023-02-02,2347237.60381089
2023-02-03,2292931.86604480
2023-02-06,2344264.39266122
2023-02-07,2359408.80744637
2023-02-08,2363402.56872902
2023-02-09,2348351.37055428
2023-02-10,2359608.82185296
2023-02-13,2363931.86215912
2023-02-14,2348035.38000000
2023-02-15,2355901.44328128
2023-02-16,2369677.74000000
2023-02-17,2396108.81178060
2023-02-21,2384128.11000000
2023-02-22,2387224.24000000
2023-02-23,2357418.78000000
2023-02-24,2373814.92008303
2023-02-27,2403382.24000000
2023-02-28,2414367.50022413
2023-03-01,2389193.70651612
2023-03-02,2407073.80500000
2023-03-03,2407737.80636963
2023-03-06,2397945.94567588
2023-03-07,2367665.56286213
2023-03-08,2388739.74165280
2023-03-09,2417913.92554203
2023-03-10,2459404.08000000
2023-03-13,2498438.90018310
2023-03-14,2489687.75622314
2023-03-15,2545462.41974902
2023-03-16,2514715.17000000
2023-03-17,2577148.49788575
2023-03-20,2588852.91212890
2023-03-21,2529225.66000000
2023-03-22,2538744.07167725
2023-03-23,2558783.16866696
2023-03-24,2584598.90517009
2023-03-27,2537651.45572714
2023-03-28,2561595.35970176
2023-03-29,2558073.01724039
2023-03-30,2571597.84041015
2023-03-31,2571494.31000000
2023-04-03,2608868.21009964
2023-04-04,2661437.57773435
2023-04-05,2650450.80001420
2023-04-06,2652086.61217726
2023-04-10,2622031.58782274
2023-04-11,2650666.43256107
2023-04-12,2666171.90636424
2023-04-13,2670734.91888673
2023-04-14,2604701.96047608
2023-04-17,2622612.23978269
2023-04-18,2644368.12615554
2023-04-19,2662334.95884271
2023-04-20,2660551.79165089
2023-04-21,2630141.85500000
2023-04-24,2655130.21141656
2023-04-25,2669706.78000000
2023-04-26,2656231.11068109
2023-04-27,2668694.72073674
2023-04-28,2665719.01630305
2023-05-01,2656744.49869695
2023-05-02,2701015.22147712
2023-05-03,2705340.92744682
2023-05-04,2710609.92000000
2023-05-05,2659397.23417799
2023-05-08,2677248.93951664
2023-05-09,2697659.50530757
2023-05-10,2688402.30500000
2023-05-11,2676025.21014155
2023-05-12,2691089.97000000
2023-05-15,2697460.60000000
2023-05-16,2665788.26072575
2023-05-17,2649364.44768548
2023-05-18,2609266.66000000
2023-05-19,2623063.59026851
2023-05-22,2598086.44024172
2023-05-23,2603429.96421949
2023-05-24,2587794.84037845
2023-05-25,2578066.18561330
2023-05-26,2577662.71663503
2023-05-30,2579155.92000000
2023-05-31,2603620.81836131
2023-06-01,2613234.70000000
2023-06-02,2542591.02778890
2023-06-05,2557833.30000000
2023-06-06,2555405.51500000
2023-06-07,2527005.81548340
2023-06-08,2560082.74017497
2023-06-09,2532120.92698733
2023-06-12,2517018.64685788
2023-06-13,2475086.84893095
2023-06-14,2498013.13038325
2023-06-15,2510996.03062740
2023-06-16,2496078.75111177
2023-06-20,2489672.36000000
2023-06-21,2502482.91620604
2023-06-22,2480542.31267335
2023-06-23,2514232.06902021
2023-06-26,2511794.26324218
2023-06-27,2489195.28000000
2023-06-28,2507656.42303224
2023-06-29,2511342.52376951
2023-06-30,2538618.35174365
2023-07-03,2513852.57412352
2023-07-05,2497284.39224405
2023-07-06,2486425.25239014
2023-07-07,2515501.56423095
2023-07-10,2511682.25000000
2023-07-11,2499604.40119872
2023-07-12,2521659.10905520
2023-07-13,2485656.57004889
2023-07-14,2485759.58704373
2023-07-17,2472089.86290745
2023-07-18,2493723.66641365
2023-07-19,2502842.65000000
2023-07-20,2501866.82606684
2023-07-21,2524498.77975583
2023-07-24,2510203.41852779
2023-07-25,2502795.86586334
2023-07-26,2511292.60313447
2023-07-27,2488322.26322234
2023-07-28,2504763.90318817
2023-07-31,2512486.02500000
2023-08-01,2500727.73607913
2023-08-02,2509301.13761559
2023-08-03,2514478.68000000
2023-08-04,2543494.42798995
2023-08-07,2528437.95000000
2023-08-08,2540177.54677416
2023-08-09,2517314.48208084
2023-08-10,2512784.04003983
2023-08-11,2536811.49637157
2023-08-14,2551071.29940728
2023-08-15,2543452.25000000
2023-08-16,2537929.81732722
2023-08-17,2520680.83434259
2023-08-18,2528863.98627132
2023-08-21,2534674.37337165
2023-08-22,2533742.14461371
2023-08-23,2571480.66000000
2023-08-24,2535860.33544674
2023-08-25,2529589.26069019
2023-08-28,2544190.27738109
2023-08-29,2568573.60000000
2023-08-30,2575614.27468510
2023-08-31,2567320.27332027
2023-09-01,2554968.83831546
2023-09-05,2569069.18487299
2023-09-06,2554180.28949516
2023-09-07,2563294.82500000
2023-09-08,2560219.93657661
2023-09-11,2557354.37592779
2023-09-12,2538091.78684331
2023-09-13,2536888.41156302
2023-09-14,2532029.70000000
2023-09-15,2555385.30413569
2023-09-18,2560396.40000000
2023-09-19,2559011.28000000
2023-09-20,2582239.19960256
2023-09-21,2573455.21452385
2023-09-22,2566538.97853829
2023-09-25,2564889.91733332
2023-09-26,2562746.44491762
2023-09-27,2531694.57098084
2023-09-28,2518497.92904479
2023-09-29,2486341.30216001
2023-10-02,2481040.80000000
2023-10-03,2484119.88276676
2023-10-04,2463667.43000000
2023-10-05,2451429.00305968
2023-10-06,2465608.77021720
2023-10-09,2501615.20500000
2023-10-10,2510637.88000000
2023-10-11,2510132.63344734
2023-10-12,2499796.26229987
2023-10-13,2606268.86100769
2023-10-16,2601976.22893861
2023-10-17,2600682.40795157
2023-10-18,2643272.37101084
2023-10-19,2674996.58117246
2023-10-20,2679765.07500000
2023-10-23,2672115.77002207
2023-10-24,2654044.50000000
2023-10-25,2677423.87106017
2023-10-26,2697365.59771962
2023-10-27,2698470.50887636
2023-10-30,2692414.60813956
2023-10-31,2682064.69002921
2023-11-01,2683905.87022959
2023-11-02,2639398.47955252
2023-11-03,2609721.34500000
2023-11-06,2572414.00831216
2023-11-07,2573203.83988527
2023-11-08,2564017.30500000
2023-11-09,2575635.75396971
2023-11-10,2548616.21780931
2023-11-13,2577690.22500000
2023-11-14,2600856.41473637
2023-11-15,2543915.75331948
2023-11-16,2566273.87657556
2023-11-17,2560841.46445471
2023-11-20,2556394.73388185
2023-11-21,2580416.60102293
2023-11-22,2588222.61172568
2023-11-24,2614833.09222900
2023-11-27,2613469.08943359
2023-11-28,2645123.69067628
2023-11-29,2642621.82948889
2023-11-30,2645331.48231728
2023-12-01,2705595.82000000
2023-12-04,2640762.27415325
2023-12-05,2653843.06000000
2023-12-06,2671203.97000000
2023-12-07,2678047.10220411
2023-12-08,2619711.41501467
2023-12-11,2612403.94000000
2023-12-12,2590700.50596193
2023-12-13,2614752.87940921
2023-12-14,2626591.48882570
2023-12-15,2627955.45426065
2023-12-18,2635041.10949951
2023-12-19,2659520.89584797
2023-12-20,2650241.42500000
2023-12-21,2656865.70419475
2023-12-22,2668737.66969725
2023-12-26,2670164.54265138
2023-12-27,2695602.35555179
2023-12-28,2666703.45042487
2023-12-29,2675819.50529299
2024-01-02,2711031.88374996
2024-01-03,2668321.10194822
2024-01-04,2674310.22194093
2024-01-05,2692352.98417799
2024-01-08,2675233.56377734
2024-01-09,2672152.92018873
2024-01-10,2666602.01859372
2024-01-11,2648079.41619387
2024-01-12,2691144.36479490
2024-01-16,2708762.00000000
2024-01-17,2693777.33116513
2024-01-18,2702239.22932307
2024-01-19,2702722.78500000
2024-01-22,2704552.66138435
2024-01-23,2707002.23968255
2024-01-24,2683662.75552803
2024-01-25,2696333.13563300
2024-01-26,2692065.04117926
2024-01-29,2704998.81877923
2024-01-30,2702179.41000000
2024-01-31,2730619.48981434
2024-02-01,2738394.05000000
2024-02-02,2695409.50868580
2024-02-05,2703357.35583490
2024-02-06,2701978.76000000
2024-02-07,2700608.57520503
2024-02-08,2706971.62295649
2024-02-09,2695824.75206060
2024-02-12,2681824.45911372
2024-02-13,2649022.49944650
2024-02-14,2653746.66710699
2024-02-15,2663773.99652274
2024-02-16,2680806.51000000
2024-02-20,2704259.22500000
2024-02-21,2697465.14313238
2024-02-22,2679717.69821284
2024-02-23,2711399.12553397
2024-02-26,2700034.92500000
2024-02-27,2707965.90000000
2024-02-28,2718730.90000000
2024-02-29,2735080.37771478
2024-03-01,2787305.24756335
2024-03-04,2821263.40594721
2024-03-05,2847518.44500000
2024-03-06,2868134.71413092
2024-03-07,2865457.14000000
2024-03-08,2873529.95681159
2024-03-11,2861388.45000000
2024-03-12,2836389.03178219
2024-03-13,2861716.81752925
2024-03-14,2853451.23000000
2024-03-15,2869360.07594732
2024-03-18,2881898.38087152
2024-03-19,2887134.82437995
2024-03-20,2893096.39906724
2024-03-21,2899340.09425771
2024-03-22,2898501.07916519
2024-03-25,2917233.28949959
2024-03-26,2917675.53497085
2024-03-27,2959632.16794452
2024-03-28,2991826.81823225
2024-04-01,3017597.62500000
2024-04-02,3056804.17000000
2024-04-03,3098151.13212873
2024-04-04,3084478.49780526
2024-04-05,3140881.04105460
2024-04-08,3163440.64075185
2024-04-09,3172208.47000000
2024-04-10,3147592.57995136
2024-04-11,3224851.57087171
2024-04-12,3251155.37862290
2024-04-15,3272043.41553482
2024-04-16,3330121.48001482
2024-04-17,3281578.92043686
2024-04-18,3273542.32009779
2024-04-19,3307489.40132295
2024-04-22,3219368.81259507
2024-04-23,3208292.11969712
2024-04-24,3197465.97500000
2024-04-25,3201797.61110609
2024-04-26,3213572.09120864
2024-04-29,3229639.11952120
2024-04-30,3163392.13517549
2024-05-01,3175126.81017549
2024-05-02,3160181.35688463
2024-05-03,3124616.88000000
2024-05-06,3145443.10831563
2024-05-07,3144967.61366933
2024-05-08,3158179.81331078
2024-05-09,3197775.65391139
2024-05-10,3234418.38371594
2024-05-13,3194173.02453149
2024-05-14,3218721.51243139
2024-05-15,3245932.70264638
2024-05-16,3204527.20000000
2024-05-17,3273403.57773671
2024-05-20,3310590.64716287
2024-05-21,3300316.91045399
2024-05-22,3267111.47322742
2024-05-23,3176720.80000000
2024-05-24,3185541.90000000
2024-05-28,3198361.53368886
2024-05-29,3200196.49577161
2024-05-30,3224954.85757296
2024-05-31,3213174.51891083
2024-06-03,3231901.91650419
2024-06-04,3201353.06500000
2024-06-05,3229189.72696315
2024-06-06,3242807.49680432
2024-06-07,3151669.37323962
2024-06-10,3173895.12784166
2024-06-11,3181096.42500000
2024-06-12,3214522.88000000
2024-06-13,3161739.84288072
2024-06-14,3230714.10066863
2024-06-17,3196268.51701142
2024-06-18,3227697.08073699
2024-06-20,3267545.22778581
2024-06-21,3217525.79234831
2024-06-24,3234575.90000000
2024-06-25,3223942.85791049
2024-06-26,3200808.22002180
2024-06-27,3222291.63500000
2024-06-28,3206942.05372544
2024-07-01,3217720.92700714
2024-07-02,3222326.22000000
2024-07-03,3279909.68586931
2024-07-05,3298446.84500000
2024-07-08,3258489.78844223
2024-07-09,3264962.47510284
2024-07-10,3283741.50440658
2024-07-11,3332820.75000000
2024-07-12,3320384.58000000
2024-07-15,3350507.12995087
2024-07-16,3405006.58495575
2024-07-17,3385807.51534927
2024-07-18,3390300.07152115
2024-07-19,3324594.67500000
2024-07-22,3320143.84000000
2024-07-23,3333641.39139192
2024-07-24,3336990.64251968
2024-07-25,3245386.67523897
2024-07-26,3298584.80000000
2024-07-29,3288733.11455093
2024-07-30,3329746.55000000
2024-07-31,3329958.74500000
2024-08-01,3327013.55000000
2024-08-02,3312851.19431140
2024-08-05,3276375.05638660
2024-08-06,3292179.93457548
2024-08-07,3287296.07500000
2024-08-08,3332704.91281480
2024-08-09,3321810.95538598
2024-08-12,3375408.53812963
2024-08-13,3382511.64204089
2024-08-14,3306850.50761210
2024-08-15,3331285.40162130
2024-08-16,3387626.99840840
2024-08-19,3344656.48528083
2024-08-20,3349471.55312750
2024-08-21,3352250.71348620
2024-08-22,3318726.40025377
2024-08-23,3353680.50143053
2024-08-26,3340610.18020991
2024-08-27,3349248.88000000
2024-08-28,3340935.84000000
2024-08-29,3358347.45407221
2024-08-30,3325806.55912115
2024-09-03,3342192.63891098
2024-09-04,3342951.11706528
2024-09-05,3352919.78161609
2024-09-06,3317701.49000000
2024-09-09,3365371.38968514
2024-09-10,3372034.24854011
2024-09-11,3363350.33675307
2024-09-12,3421286.69451653
2024-09-13,3434135.77196294
2024-09-16,3403315.23519525
2024-09-17,3378696.10133792
2024-09-18,3405534.76031246
2024-09-19,3436993.40000000
2024-09-20,3499557.49354968
2024-09-23,3511656.76500000
2024-09-24,3538424.01482904
2024-09-25,3538304.86302729
2024-09-26,3539005.71854972
2024-09-27,3466545.14901369
2024-09-30,3459011.46514652
2024-10-01,3522383.09848392
2024-10-02,3496951.58401374
2024-10-03,3545262.37630383
2024-10-04,3546218.72144783
2024-10-07,3554955.08963387
2024-10-08,3519894.60000000
2024-10-09,3503428.22000000
2024-10-10,3541872.06199237
2024-10-11,3590205.12393085
2024-10-14,3600001.90239024
2024-10-15,3619317.56918924
2024-10-16,3639367.48000000
2024-10-17,3687127.47000000
2024-10-18,3722789.27801256
2024-10-21,3752894.86159208
2024-10-22,3782852.19068833
2024-10-23,3760231.04071258
2024-10-24,3772356.83129366
2024-10-25,3808370.77830534
2024-10-28,3794253.43490692
2024-10-29,3845030.62436003
2024-10-30,3849552.13500000
2024-10-31,3774664.46831069
2024-11-01,3769409.17441922
2024-11-04,3758799.59216335
2024-11-05,3781422.24638198
2024-11-06,3743629.94905311
2024-11-07,3742437.80855437
2024-11-08,3730895.00000000
2024-11-11,3652807.61169171
2024-11-12,3654118.00000000
2024-11-13,3611519.97233173
2024-11-14,3605624.32144512
2024-11-15,3578920.51888654
2024-11-18,3647948.15246618
2024-11-19,3657869.09197788
2024-11-20,3696754.72183576
2024-11-21,3735756.26253454
2024-11-22,3811420.01464316
2024-11-25,3664933.14038837
2024-11-26,3656497.70313982
2024-11-27,3675770.22501919
2024-11-29,3713343.49000000
2024-12-02,3700268.97985313
2024-12-03,3710672.71348858
2024-12-04,3761867.72121848
2024-12-05,3724624.00248579
2024-12-06,3746126.10265181
2024-12-09,3816509.74613721
2024-12-10,3862558.69983447
2024-12-11,3910318.23784448
2024-12-12,3845060.00000000
2024-12-13,3806924.48000000
2024-12-16,3811546.44360789
2024-12-17,3799262.22768992
2024-12-18,3791682.47500000
2024-12-19,3753764.74928928
2024-12-20,3801862.45237766
2024-12-23,3796821.38297148
2024-12-24,3820929.40000000
2024-12-26,3848346.82721221
2024-12-27,3856574.98804655
2024-12-30,3840609.71392154
2024-12-31,3877491.50398649
2025-01-02,3903132.11164000
2025-01-03,3884923.10000000
2025-01-06,3842064.32178653
2025-01-07,3853144.77417941
2025-01-08,3894699.65000000
2025-01-09,3917569.76927764
2025-01-10,3972638.20500000
2025-01-13,3925874.34000000
2025-01-14,3910783.27500000
2025-01-15,3958541.12500000
2025-01-16,4007958.69747988
2025-01-17,4002781.16522246
2025-01-21,3972517.15000000
2025-01-22,3964725.51990283
2025-01-23,3970160.37532277
2025-01-24,3982426.08601831
2025-01-27,3920291.62500000
2025-01-28,4000626.86260525
2025-01-29,4006140.18428765
2025-01-30,4070511.93000000
2025-01-31,4077140.62500000
2025-02-03,4148546.06703553
2025-02-04,4152835.55606962
2025-02-05,4153913.12127007
2025-02-06,4143342.00000000
2025-02-07,4149241.22766140
2025-02-10,4226900.79082303
2025-02-11,4233610.00000000
2025-02-12,4224566.16000000
2025-02-13,4245275.94530218
2025-02-14,4154229.64469290
2025-02-18,4226986.23281302
2025-02-19,4210154.18116158
2025-02-20,4224662.40000000
2025-02-21,4211049.73999561
2025-02-24,4209542.10254347
2025-02-25,4164617.32500000
2025-02-26,4184120.50204615
2025-02-27,4160572.85753636
2025-02-28,4141501.12728789
2025-03-03,4215645.64877656
2025-03-04,4236465.03019589
2025-03-05,4229954.60584989
2025-03-06,4223966.09143610
2025-03-07,4201648.47936741
2025-03-10,4208977.99000000
2025-03-11,4235239.94200627
2025-03-12,4267573.34180232
2025-03-13,4347289.56713164
2025-03-14,4352924.98000000
2025-03-17,4344870.00000000
2025-03-18,4410789.56792537
2025-03-19,4428922.57252871
2025-03-20,4467432.00000000
2025-03-21,4419852.00849335
2025-03-24,4421091.64229554
2025-03-25,4433348.86840545
2025-03-26,4426796.50789001
2025-03-27,4483651.95845673
2025-03-28,4532833.90000000
2025-03-31,4604693.58400179
2025-04-01,4592268.21620542
2025-04-02,4590156.86923280
2025-04-03,4507528.65000000
2025-04-04,4361526.60000000
2025-04-07,4323241.38952911
2025-04-08,4388333.99562434
2025-04-09,4513625.24500000
2025-04-10,4592235.76893038
2025-04-11,4613159.22609107
2025-04-14,4555751.46141380
2025-04-15,4592602.02532691
2025-04-16,4717318.53448774
2025-04-17,4686707.30683328
2025-04-21,4824814.10683328
2025-04-22,4846752.21359154
2025-04-23,4659324.58844261
2025-04-24,4782386.28000000
2025-04-25,4724981.83541941
2025-04-28,4813396.35000000
2025-04-29,4764701.66610377
2025-04-30,4703048.05000000
2025-05-01,4567862.10000000
2025-05-02,4517323.45049769
2025-05-05,4540851.98296156
2025-05-06,4711416.17712373
2025-05-07,4704034.47414029
2025-05-08,4611020.48859900
2025-05-09,4670860.66923791
2025-05-12,4569437.60000000
2025-05-13,4615645.40455589
2025-05-14,4446197.24751429
2025-05-15,4502796.18773175
2025-05-16,4443472.08000000
2025-05-19,4484231.60637175
2025-05-20,4574772.05409929
2025-05-21,4551313.45015639
2025-05-22,4549267.28447281
2025-05-23,4630567.34644559
2025-05-27,4533788.30920926
2025-05-28,4523298.63012234
2025-05-29,4560515.06926785
2025-05-30,4533781.40437471
2025-06-02,4640743.33246122
2025-06-03,4612488.28877183
2025-06-04,4609280.52000000
2025-06-05,4548206.60671865
2025-06-06,4516512.81662587
2025-06-09,4519793.85646993
2025-06-10,4538175.76154273
2025-06-11,4568713.92116957
2025-06-12,4576994.66978985
2025-06-13,4701567.42109118
2025-06-16,4617337.73923318
2025-06-17,4623860.57733910
2025-06-18,4663178.43717299
2025-06-20,4603317.12747583
2025-06-23,4688754.18721664
2025-06-24,4512227.82516580
2025-06-25,4536667.33816429
2025-06-26,4523892.85000000
2025-06-27,4454916.36755116
2025-06-30,4464340.13965800
2025-07-01,4515355.84192129
2025-07-02,4552978.68000000
2025-07-03,4537905.86102073
2025-07-04,4543497.17500000
2025-07-07,4556083.67123523
2025-07-08,4532111.22000000
2025-07-09,4559411.01445829
2025-07-10,4555619.41588841
2025-07-11,4614500.00000000
2025-07-14,4627248.47500000
2025-07-15,4598653.65543716
2025-07-16,4663930.95000000
2025-07-17,4657669.38318394
2025-07-18,4661172.95000000
2025-07-21,4708025.35084442
2025-07-22,4767075.05231674
2025-07-23,4666683.98827664
2025-07-24,4616854.18000000
2025-07-25,4605154.18000000
2025-07-28,4584592.73030305
2025-07-29,4633118.56985317
2025-07-30,4562145.30159195
2025-07-31,4592795.44790022
2025-08-01,4702246.30541241
2025-08-04,4669224.63286590
2025-08-05,4704628.59214322
2025-08-06,4692521.60000000
2025-08-07,4704757.15656265
2025-08-08,4782894.06981967
2025-08-11,4667012.37092807
2025-08-12,4655540.17723600
2025-08-13,4629497.66469468
2025-08-14,4622820.59631820
2025-08-15,4633570.56000000
2025-08-18,4618569.05730941
2025-08-19,4601649.78436979
2025-08-20,4676680.91539515
2025-08-21,4667288.52440393
2025-08-22,4692001.83220670
2025-08-25,4680405.33174088
2025-08-26,4724928.43217320
2025-08-27,4759018.10851110
2025-08-28,4755788.50766861
2025-08-29,4833792.43005110
2025-09-02,4952619.65973110
2025-09-03,4992499.80815413
2025-09-04,4968264.86603533
2025-09-05,5025166.22808821
2025-09-08,5049246.36354036
2025-09-09,5052200.61071305
2025-09-10,5060413.99563509
2025-09-11,5066056.08796353
2025-09-12,5079453.74807095
2025-09-15,5110819.88822494
2025-09-16,5097801.44204072
2025-09-17,5075582.27531508
2025-09-18,5051989.98229721
2025-09-19,5133344.44000000
2025-09-22,5204398.43506331
2025-09-23,5272235.86619175
2025-09-24,5222253.02465368
2025-09-25,5246345.87989220
2025-09-26,5322493.51484151
2025-09-29,5356061.06510217
2025-09-30,5391215.80454121
2025-10-01,5434804.37500000
2025-10-02,5380955.51156964
2025-10-03,5454736.12463398
2025-10-06,5576190.15500000
2025-10-07,5619731.25801311
2025-10-08,5758993.55855003
2025-10-09,5600470.64029807
2025-10-10,5649873.03822221
2025-10-13,5865437.49941942
2025-10-14,5937834.55721321
2025-10-15,5946192.93197220
2025-10-16,6068810.25292614
2025-10-17,5952088.00326616
2025-10-20,6173038.71697708
2025-10-21,5847454.78014869
2025-10-22,5794249.96408642
2025-10-23,5942493.96500000
2025-10-24,5928230.73942331
2025-10-27,5732001.26811963
2025-10-28,5696970.28586156
2025-10-29,5668605.84551735
2025-10-30,5741825.55707056
2025-10-31,5687139.03826392
2025-11-03,5720509.07582788
2025-11-04,5681529.76972386
2025-11-05,5747553.27051052
2025-11-06,5753980.08280708
2025-11-07,5837684.07345156
2025-11-10,5979091.44999387
2025-11-11,6016872.39385132
2025-11-12,6163145.72884216
2025-11-13,6127444.26907654
2025-11-14,5933151.54175349
2025-11-17,5945657.78936309
2025-11-18,5941641.35843780
2025-11-19,5977948.90541473
2025-11-20,5960418.27500000
2025-11-21,6010237.97101042
2025-11-24,6028473.36912045
2025-11-25,6063431.58210571
2025-11-26,6140754.64794553
2025-11-28,6199466.49096071
2025-12-01,6211210.10884155
2025-12-02,6145510.28335511
2025-12-03,6149874.56396851
2025-12-04,6197789.76659548
2025-12-05,6203832.13818784
2025-12-08,6139231.05436157
2025-12-09,6177581.30381469
2025-12-10,6168581.96444273
2025-12-11,6304570.47000000
2025-12-12,6351763.85625554
2025-12-15,6309961.79115845
2025-12-16,6341561.58000000
2025-12-17,6431604.55000000
2025-12-18,6410482.98000000
2025-12-19,6449289.26358820
2025-12-22,6579741.53857489
2025-12-23,6638488.57476933
2025-12-24,6488984.28543512
2025-12-26,6559223.92543512
2025-12-29,6215817.60535207
2025-12-30,6310206.03601616
2025-12-31,6247031.66104057
2026-01-02,6233746.98689400
2026-01-05,6430310.29046332
2026-01-06,6493139.31293583
2026-01-07,6441162.34125362
2026-01-08,6462344.09065067
2026-01-09,6555119.26687865
2026-01-12,6754093.42649781
2026-01-13,6764848.22390256
2026-01-14,6825688.99483767
2026-01-15,6778205.32922242
2026-01-16,6758391.86815366
2026-01-20,7028977.42422429
2026-01-21,7076750.62994507
2026-01-22,7204743.64933961
2026-01-23,7302822.59662719
2026-01-26,7354237.55176396
2026-01-27,7321151.73925241
2026-01-28,7575085.26753954
2026-01-29,7609726.13226514
2026-01-30,6800413.41611275
2026-02-02,6714088.80000000
2026-02-03,7103303.95491825
2026-02-04,7162872.15783146
2026-02-05,7122680.06691345
2026-02-06,7265490.19060180
2026-02-09,7384668.20221620
2026-02-10,7313753.94652709
2026-02-11,7363811.19379939
2026-02-12,7081708.75391242
2026-02-13,7264071.90000000
2026-02-17,7059794.33680122
2026-02-18,7209930.48500000
2026-02-19,7213462.57042425
2026-02-20,7334264.55486691
2026-02-23,7513244.96693975
2026-02-24,7441365.85810908
2026-02-25,7434218.42055129
2026-02-26,7379825.46000000
2026-02-27,7542224.08500000
2026-03-02,7740995.04121034
2026-03-03,7551290.75560969
2026-03-04,7500069.24609009
2026-03-05,7475318.79876346
2026-03-06,7642884.94304268
2026-03-09,7561488.48000000
2026-03-10,7688286.85112914
2026-03-11,7632818.06974544
2026-03-12,7575680.98277714
2026-03-13,7550538.18134393
